question,answer
"Explain the difference between supervised and unsupervised learning in machine learning.","Supervised learning involves training models on labeled data, where the desired output is known. The model learns to map inputs to correct outputs. Examples include classification and regression tasks. Unsupervised learning, on the other hand, works with unlabeled data. The model tries to find patterns or structure in the data without predefined outputs. Clustering and dimensionality reduction are common unsupervised learning tasks."
"What is deep learning and how does it differ from traditional machine learning?","Deep learning is a subset of machine learning that uses artificial neural networks with multiple layers (deep neural networks) to model and process complex patterns in data. Unlike traditional machine learning, which often requires manual feature engineering, deep learning can automatically learn hierarchical representations of features from raw data. This makes it particularly powerful for tasks like image and speech recognition, natural language processing, and generating creative content."
"Describe the concept of overfitting in machine learning and how to prevent it.","Overfitting occurs when a model learns the training data too well, including its noise and peculiarities, leading to poor generalization on new, unseen data. To prevent overfitting, several techniques can be used: (1) Using more training data, (2) Implementing regularization methods like L1/L2 regularization, (3) Using dropout in neural networks, (4) Early stopping during training, (5) Employing ensemble methods, and (6) Performing cross-validation to better estimate model performance."
"What is the role of activation functions in neural networks?","Activation functions introduce non-linearity into neural networks, allowing them to learn complex patterns. They determine the output of a neuron given an input or set of inputs. Common activation functions include ReLU (Rectified Linear Unit), which helps mitigate the vanishing gradient problem, Sigmoid, which squashes values between 0 and 1 (useful for binary classification), and tanh, which outputs values between -1 and 1. The choice of activation function can significantly impact a network's learning capacity and performance."
"Explain the concept of backpropagation in neural networks.","Backpropagation is a key algorithm used to train neural networks. It calculates the gradient of the loss function with respect to each weight in the network, allowing for efficient weight updates during training. The process involves two main phases: (1) Forward pass, where input data is fed through the network to generate predictions, and (2) Backward pass, where the error is calculated and propagated backwards through the network, adjusting weights to minimize the loss. This allows the network to learn from its mistakes and improve its performance over time."
"What is transfer learning and why is it important in deep learning?","Transfer learning is a technique where a model developed for one task is reused as the starting point for a model on a second, related task. It's important in deep learning because it allows leveraging knowledge from pre-trained models, reducing the need for large datasets and computational resources. This is particularly useful when dealing with limited data or when trying to solve complex problems quickly. Common applications include using pre-trained image classification models as feature extractors for custom vision tasks or fine-tuning language models for specific NLP applications."
"Describe the differences between CNN, RNN, and Transformer architectures in deep learning.","Convolutional Neural Networks (CNNs) are designed for processing grid-like data, such as images. They use convolutional layers to automatically learn spatial hierarchies of features. Recurrent Neural Networks (RNNs) are suited for sequential data, like time series or natural language. They have loops that allow information to persist, making them good for tasks requiring memory of previous inputs. Transformers, introduced in the 'Attention is All You Need' paper, use self-attention mechanisms to process sequential data without recurrence. They excel in capturing long-range dependencies and have become the go-to architecture for many NLP tasks, also finding applications in computer vision and other domains."
"What is reinforcement learning and how does it differ from other ML paradigms?","Reinforcement Learning (RL) is a type of machine learning where an agent learns to make decisions by interacting with an environment. Unlike supervised learning (which learns from labeled examples) or unsupervised learning (which finds patterns in unlabeled data), RL learns through trial and error to maximize a reward signal. The agent takes actions in an environment, receives rewards or penalties, and adjusts its strategy to maximize cumulative reward over time. This paradigm is particularly useful for problems involving sequential decision-making, such as game playing, robotics, and autonomous systems."
"Explain the concept of explainable AI (XAI) and why it's important.","Explainable AI (XAI) refers to artificial intelligence systems whose actions can be easily understood by humans. It's important for several reasons: (1) Trust: Users are more likely to trust and adopt AI systems if they can understand how decisions are made. (2) Debugging: XAI helps developers identify and fix issues in AI models. (3) Regulatory compliance: Many industries require transparent decision-making processes. (4) Ethical considerations: XAI can help detect and mitigate biases in AI systems. Techniques for XAI include feature importance analysis, LIME (Local Interpretable Model-agnostic Explanations), SHAP (SHapley Additive exPlanations), and attention visualization in neural networks."
"What are GANs (Generative Adversarial Networks) and how do they work?","Generative Adversarial Networks (GANs) are a class of deep learning models consisting of two neural networks: a generator and a discriminator. The generator creates synthetic data (e.g., images), while the discriminator tries to distinguish between real and generated data. These networks are trained simultaneously in a competitive process: the generator tries to produce increasingly realistic data to fool the discriminator, while the discriminator becomes better at detecting fakes. This adversarial training results in the generator producing high-quality synthetic data. GANs have found applications in image generation, style transfer, data augmentation, and even in creating deepfakes."